Program,Type
Alaska,Airline
American,Airline
American Express Membership Rewards,Rewards
Amtrak,Railroad
Barclaycard Arrival,Rewards
Holland America,Cruise Line
Carnival,Cruise Line
Hawaiian,Airline
Diamond Resorts,Hotel
Princess,Cruise Line
Spirit,Airline
Celebrity,Cruise Line
Royal Caribbean,Cruise Line
Allegiant,Airline
Norwegian,Cruise Line
Asiana,Airline
British Airways,Airline
Chase Ultimate Rewards,Rewards
Choice Privileges,Hotel
Citi ThankYou Points,Rewards
Club Carlson,Hotel
Delta,Airline
FlexPerks,Rewards Program
AeroMexico,Airline
LANPASS,Airline
SKYPASS,Airline
Frontier,Hotel
Hilton,Hotel
IHG,Hotel
Marriott,Hotel
JetBlue,Airline
Miles & More,Airline
Ritz Carlton,Hotel
Southwest,Airline
Starwood,Hotel
United,Airline
Virgin Atlantic,Airline
Wyndham,Hotel
Aeroplan,Airline
Capital One,Rewards
ANA,Airline
Avianca,Airline
Diners Club Rewards,Rwards
Emirates,Airline
Etihad,Airline
Flying Blue,Airline
Hyatt,Hotel
Singapore Krisflyer,Airline
Virgin America,Airline
